SID,exam code
A940018831,B11101E1
B940037500,B11102E1
D916005366,B33541E1
D916005366,B33544E1
D916005366,B33545E1
D916005366,B33548E1
D916005366,B33549E1
D916005366,B33563E1
D916164009,B13103E1
D916234704,B13103E1
D916483667,B13103E1
D916888840,B13103E1
D917185535,B13103E1
D917186831,B13103E1
D917370094,B13103E1
D920030208,B33541E1
D920030208,B33544E1
D920030208,B33545E1
D920030208,B33548E1
D920030208,B33549E1
D920043024,B33541E1
D920043024,B33544E1
D920043024,B33545E1
D920043024,B33548E1
D920043024,B33549E1
D920043024,B33563E1
D920064029,B33541E1
D920064029,B33544E1
D920064029,B33545E1
D920064029,B33548E1
D920064029,B33549E1
D920069769,B33541E1
D920069769,B33544E1
D920069769,B33545E1
D920069769,B33548E1
D920069769,B33549E1
D920098127,B33541E1
D920098127,B33544E1
D920098127,B33545E1
D920098127,B33548E1
D920098127,B33549E1
D920104233,B33541E1
D920104233,B33544E1
D920104233,B33545E1
D920104233,B33548E1
D920104233,B33549E1
D920104233,B33563E1
D920115136,B33541E1
D920115136,B33544E1
D920115136,B33545E1
D920115136,B33548E1
D920115136,B33549E1
D920125353,B33541E1
D920125353,B33544E1
D920125353,B33545E1
D920125353,B33548E1
D920125353,B33549E1
D920133141,B33541E1
D920133141,B33544E1
D920133141,B33545E1
D920133141,B33548E1
D920133141,B33549E1
D920151248,B33541E1
D920151248,B33544E1
D920151248,B33545E1
D920151248,B33548E1
D920151248,B33549E1
D920151248,B33563E1
D920170744,B33541E1
D920170744,B33544E1
D920170744,B33545E1
D920170744,B33548E1
D920170744,B33549E1
D920170744,B33563E1
D920176920,B33541E1
D920176920,B33544E1
D920176920,B33545E1
D920176920,B33548E1
D920176920,B33549E1
D920178809,B33541E1
D920178809,B33544E1
D920178809,B33545E1
D920178809,B33548E1
D920178809,B33549E1
D920193503,B33541E1
D920193503,B33544E1
D920193503,B33545E1
D920193503,B33548E1
D920193503,B33549E1
D920197693,B33541E1
D920197693,B33544E1
D920197693,B33545E1
D920197693,B33548E1
D920197693,B33549E1
D920213454,B33541E1
D920213454,B33544E1
D920213454,B33545E1
D920213454,B33548E1
D920213454,B33549E1
D920213454,B33563E1
D920224818,B33541E1
D920224818,B33544E1
D920224818,B33545E1
D920224818,B33548E1
D920224818,B33549E1
D920262669,B33541E1
D920262669,B33544E1
D920262669,B33545E1
D920262669,B33548E1
D920262669,B33549E1
D920279601,B33541E1
D920279601,B33544E1
D920279601,B33545E1
D920279601,B33548E1
D920279601,B33549E1
D920279601,B33563E1
D920284568,B33541E1
D920284568,B33544E1
D920284568,B33545E1
D920284568,B33548E1
D920284568,B33549E1
D920285820,B33541E1
D920285820,B33544E1
D920285820,B33545E1
D920285820,B33548E1
D920285820,B33549E1
D920287684,B33541E1
D920287684,B33544E1
D920287684,B33545E1
D920287684,B33548E1
D920287684,B33549E1
D920287684,B33563E1
D920289253,B33541E1
D920289253,B33544E1
D920289253,B33545E1
D920289253,B33548E1
D920289253,B33549E1
D920298956,B33541E1
D920298956,B33544E1
D920298956,B33545E1
D920298956,B33548E1
D920298956,B33549E1
D920327511,B33541E1
D920327511,B33544E1
D920327511,B33545E1
D920327511,B33548E1
D920327511,B33549E1
D920358157,B33541E1
D920358157,B33544E1
D920358157,B33545E1
D920358157,B33548E1
D920358157,B33549E1
D920358168,B33541E1
D920358168,B33544E1
D920358168,B33545E1
D920358168,B33548E1
D920358168,B33549E1
D920369201,B33541E1
D920369201,B33544E1
D920369201,B33545E1
D920369201,B33548E1
D920369201,B33549E1
D920371374,B33541E1
D920371374,B33544E1
D920371374,B33545E1
D920371374,B33548E1
D920371374,B33549E1
D920380767,B33541E1
D920380767,B33544E1
D920380767,B33545E1
D920380767,B33548E1
D920380767,B33549E1
D920407673,B33541E1
D920407673,B33544E1
D920407673,B33545E1
D920407673,B33548E1
D920407673,B33549E1
D920409471,B33541E1
D920409471,B33544E1
D920409471,B33545E1
D920409471,B33548E1
D920409471,B33549E1
D920428782,B33541E1
D920428782,B33544E1
D920428782,B33545E1
D920428782,B33548E1
D920428782,B33549E1
D920428782,B33563E1
D920445114,B33541E1
D920445114,B33544E1
D920445114,B33545E1
D920445114,B33548E1
D920445114,B33549E1
D920455467,B33541E1
D920455467,B33544E1
D920455467,B33545E1
D920455467,B33548E1
D920455467,B33549E1
D920475557,B33541E1
D920475557,B33544E1
D920475557,B33545E1
D920475557,B33548E1
D920475557,B33549E1
D920483091,B33541E1
D920483091,B33544E1
D920483091,B33545E1
D920483091,B33548E1
D920483091,B33549E1
D920510076,B33541E1
D920510076,B33544E1
D920510076,B33545E1
D920510076,B33548E1
D920510076,B33549E1
D920556177,B33541E1
D920556177,B33544E1
D920556177,B33545E1
D920556177,B33548E1
D920556177,B33549E1
D920558492,B33541E1
D920558492,B33544E1
D920558492,B33545E1
D920558492,B33548E1
D920558492,B33549E1
D920558492,B33563E1
D920561078,B33541E1
D920561078,B33544E1
D920561078,B33545E1
D920561078,B33548E1
D920561078,B33549E1
D920563186,B33541E1
D920563186,B33544E1
D920563186,B33545E1
D920563186,B33548E1
D920563186,B33549E1
D920563186,B33563E1
D920587159,B33541E1
D920587159,B33544E1
D920587159,B33545E1
D920587159,B33548E1
D920587159,B33549E1
D920587643,B33541E1
D920587643,B33544E1
D920587643,B33545E1
D920587643,B33548E1
D920587643,B33549E1
D920588064,B33541E1
D920588064,B33544E1
D920588064,B33545E1
D920588064,B33548E1
D920588064,B33549E1
D920588983,B33541E1
D920588983,B33544E1
D920588983,B33545E1
D920588983,B33548E1
D920588983,B33549E1
D920590492,B33541E1
D920590492,B33544E1
D920590492,B33545E1
D920590492,B33548E1
D920590492,B33549E1
D920591824,B33541E1
D920591824,B33544E1
D920591824,B33545E1
D920591824,B33548E1
D920591824,B33549E1
D920591824,B33563E1
D920617331,B33541E1
D920617331,B33544E1
D920617331,B33545E1
D920617331,B33548E1
D920617331,B33549E1
D920617331,B33563E1
D920640890,B33541E1
D920640890,B33544E1
D920640890,B33545E1
D920640890,B33548E1
D920640890,B33549E1
D920643994,B33541E1
D920643994,B33544E1
D920643994,B33545E1
D920643994,B33548E1
D920643994,B33549E1
D920643994,B33563E1
D920646124,B33541E1
D920646124,B33544E1
D920646124,B33545E1
D920646124,B33548E1
D920646124,B33549E1
D920703092,B33541E1
D920703092,B33544E1
D920703092,B33545E1
D920703092,B33548E1
D920703092,B33549E1
D920730607,B13103E1
D920740499,B33541E1
D920740499,B33544E1
D920740499,B33545E1
D920740499,B33548E1
D920740499,B33549E1
D920748510,B33541E1
D920748510,B33544E1
D920748510,B33545E1
D920748510,B33548E1
D920748510,B33549E1
D920764749,B33541E1
D920764749,B33544E1
D920764749,B33545E1
D920764749,B33548E1
D920764749,B33549E1
D920777716,B33541E1
D920777716,B33544E1
D920777716,B33545E1
D920777716,B33548E1
D920777716,B33549E1
D920796809,B33541E1
D920796809,B33544E1
D920796809,B33545E1
D920796809,B33548E1
D920796809,B33549E1
D920842748,B33541E1
D920842748,B33544E1
D920842748,B33545E1
D920842748,B33548E1
D920842748,B33549E1
D920924963,B33541E1
D920924963,B33544E1
D920924963,B33545E1
D920924963,B33548E1
D920924963,B33549E1
D920935903,B33541E1
D920935903,B33544E1
D920935903,B33545E1
D920935903,B33548E1
D920935903,B33549E1
D920935958,B33541E1
D920935958,B33544E1
D920935958,B33545E1
D920935958,B33548E1
D920935958,B33549E1
D920939510,B33541E1
D920939510,B33544E1
D920939510,B33545E1
D920939510,B33548E1
D920939510,B33549E1
D920939510,B33563E1
D920960020,B33541E1
D920960020,B33544E1
D920960020,B33545E1
D920960020,B33548E1
D920960020,B33549E1
D921022228,B33541E1
D921022228,B33544E1
D921022228,B33545E1
D921022228,B33548E1
D921022228,B33549E1
D921075590,B33541E1
D921075590,B33544E1
D921075590,B33545E1
D921075590,B33548E1
D921075590,B33549E1
D921104915,B33541E1
D921104915,B33544E1
D921104915,B33545E1
D921104915,B33548E1
D921104915,B33549E1
D921126906,B33541E1
D921126906,B33544E1
D921126906,B33545E1
D921126906,B33548E1
D921126906,B33549E1
D921186656,B33541E1
D921186656,B33544E1
D921186656,B33545E1
D921186656,B33548E1
D921186656,B33549E1
D921198110,B33541E1
D921198110,B33544E1
D921198110,B33545E1
D921198110,B33548E1
D921198110,B33549E1
D921203562,B33541E1
D921203562,B33544E1
D921203562,B33545E1
D921203562,B33548E1
D921203562,B33549E1
D921251208,B33541E1
D921251208,B33544E1
D921251208,B33545E1
D921251208,B33548E1
D921251208,B33549E1
D921251219,B33541E1
D921251219,B33544E1
D921251219,B33545E1
D921251219,B33548E1
D921251219,B33549E1
D921430700,B33541E1
D921430700,B33544E1
D921430700,B33545E1
D921430700,B33548E1
D921430700,B33549E1
D921463591,B33541E1
D921463591,B33544E1
D921463591,B33545E1
D921463591,B33548E1
D921463591,B33549E1
D921472456,B33541E1
D921472456,B33544E1
D921472456,B33545E1
D921472456,B33548E1
D921472456,B33549E1
D921472456,B33563E1
D921528362,B33541E1
D921528362,B33544E1
D921528362,B33545E1
D921528362,B33548E1
D921528362,B33549E1
D921641959,B33541E1
D921641959,B33544E1
D921641959,B33545E1
D921641959,B33548E1
D921641959,B33549E1
D921807452,B33541E1
D921807452,B33544E1
D921807452,B33545E1
D921807452,B33548E1
D921807452,B33549E1
D921944573,B33541E1
D921944573,B33544E1
D921944573,B33545E1
D921944573,B33548E1
D921944573,B33549E1
D922030248,B33541E1
D922030248,B33544E1
D922030248,B33545E1
D922030248,B33548E1
D922030248,B33549E1
D922038392,B33541E1
D922038392,B33544E1
D922038392,B33545E1
D922038392,B33548E1
D922038392,B33549E1
D922054129,B33541E1
D922054129,B33544E1
D922054129,B33545E1
D922054129,B33548E1
D922054129,B33549E1
D922054129,B33563E1
D922099290,B33541E1
D922099290,B33544E1
D922099290,B33545E1
D922099290,B33548E1
D922099290,B33549E1
D922100884,B33541E1
D922100884,B33544E1
D922100884,B33545E1
D922100884,B33548E1
D922100884,B33549E1
D922168253,B33541E1
D922168253,B33544E1
D922168253,B33545E1
D922168253,B33548E1
D922168253,B33549E1
D922168253,B33563E1
D922411067,B33541E1
D922411067,B33544E1
D922411067,B33545E1
D922411067,B33548E1
D922411067,B33549E1
D922414839,B33541E1
D922414839,B33544E1
D922414839,B33545E1
D922414839,B33548E1
D922414839,B33549E1
D922434516,B33541E1
D922434516,B33544E1
D922434516,B33545E1
D922434516,B33548E1
D922434516,B33549E1
D922434790,B33541E1
D922434790,B33544E1
D922434790,B33545E1
D922434790,B33548E1
D922434790,B33549E1
D922434837,B33541E1
D922434837,B33544E1
D922434837,B33545E1
D922434837,B33548E1
D922434837,B33549E1
D922744736,B33541E1
D922744736,B33544E1
D922744736,B33545E1
D922744736,B33548E1
D922744736,B33549E1
D923590000,B32321E1
D923590000,B32322E1
D923590000,B32325E1
D923590000,B32326E1
D923590000,B32327E1
D930484464,B32321E1
D930484464,B32322E1
D930484464,B32325E1
D930484464,B32326E1
D930484464,B32327E1
D930830764,B12301E1
D930830764,B12302E1
D930830764,B12303E1
D930830764,B12320E1
D935021781,B32321E1
D935021781,B32322E1
D935021781,B32325E1
D935021781,B32326E1
D935021781,B32327E1
D935064869,B32321E1
D935064869,B32322E1
D935064869,B32325E1
D935064869,B32326E1
D935064869,B32327E1
D935113330,B32321E1
D935115275,B32321E1
D935115275,B32322E1
D935115275,B32325E1
D935115275,B32326E1
D935115275,B32327E1
D935129995,B32321E1
D935129995,B32322E1
D935129995,B32325E1
D935129995,B32326E1
D935129995,B32327E1
D935134841,B32321E1
D935134841,B32322E1
D935134841,B32325E1
D935134841,B32326E1
D935134841,B32327E1
D935157611,B32321E1
D935157611,B32322E1
D935157611,B32325E1
D935157611,B32326E1
D935157611,B32327E1
D935170609,B32321E1
D935170609,B32322E1
D935170609,B32325E1
D935170609,B32326E1
D935170609,B32327E1
D935170908,B32321E1
D935170908,B32322E1
D935170908,B32325E1
D935170908,B32326E1
D935170908,B32327E1
D935172762,B32321E1
D935172762,B32322E1
D935172762,B32325E1
D935172762,B32326E1
D935172762,B32327E1
D935194993,B32321E1
D935194993,B32322E1
D935194993,B32325E1
D935194993,B32326E1
D935194993,B32327E1
D935229620,B32321E1
D935229620,B32322E1
D935229620,B32325E1
D935229620,B32326E1
D935229620,B32327E1
D935236259,B32321E1
D935236259,B32322E1
D935236259,B32325E1
D935236259,B32326E1
D935236259,B32327E1
D935264089,B32321E1
D935264089,B32322E1
D935264089,B32325E1
D935264089,B32326E1
D935264089,B32327E1
D935269198,B32321E1
D935269198,B32322E1
D935269198,B32325E1
D935269198,B32326E1
D935269198,B32327E1
D935279739,B32321E1
D935279739,B32322E1
D935279739,B32325E1
D935279739,B32326E1
D935279739,B32327E1
D935305359,B32321E1
D935305359,B32322E1
D935305359,B32325E1
D935305359,B32326E1
D935305359,B32327E1
D935307146,B32321E1
D935307146,B32322E1
D935307146,B32325E1
D935307146,B32326E1
D935307146,B32327E1
D935308224,B12301E1
D935308224,B12302E1
D935308224,B12303E1
D935350290,B32321E1
D935350290,B32322E1
D935350290,B32325E1
D935350290,B32326E1
D935350290,B32327E1
D935354874,B32321E1
D935354874,B32322E1
D935354874,B32325E1
D935354874,B32326E1
D935354874,B32327E1
D935361849,B32321E1
D935361849,B32322E1
D935361849,B32325E1
D935361849,B32326E1
D935361849,B32327E1
D935367151,B32321E1
D935367151,B32322E1
D935367151,B32325E1
D935367151,B32326E1
D935367151,B32327E1
D935372306,B32321E1
D935372306,B32322E1
D935372306,B32325E1
D935372306,B32326E1
D935372306,B32327E1
D935374919,B32321E1
D935374919,B32322E1
D935374919,B32325E1
D935374919,B32326E1
D935374919,B32327E1
D935379143,B32321E1
D935379143,B32322E1
D935379143,B32325E1
D935379143,B32326E1
D935379143,B32327E1
D935390779,B32321E1
D935390779,B32322E1
D935390779,B32325E1
D935390779,B32326E1
D935390779,B32327E1
D935391341,B32321E1
D935391341,B32322E1
D935391341,B32325E1
D935391341,B32326E1
D935391341,B32327E1
D935397114,B32321E1
D935397114,B32322E1
D935397114,B32325E1
D935397114,B32326E1
D935397114,B32327E1
D935443569,B32321E1
D935467196,B32321E1
D935467196,B32322E1
D935467196,B32325E1
D935467196,B32326E1
D935467196,B32327E1
D935485765,B32321E1
D935485765,B32322E1
D935485765,B32325E1
D935485765,B32326E1
D935485765,B32327E1
D935501216,B32321E1
D935501216,B32322E1
D935501216,B32325E1
D935501216,B32326E1
D935501216,B32327E1
D935514814,B32321E1
D935514814,B32322E1
D935514814,B32325E1
D935514814,B32326E1
D935514814,B32327E1
D935520468,B12301E1
D935520468,B12302E1
D935520468,B12303E1
D935557615,B32321E1
D935557615,B32322E1
D935557615,B32325E1
D935557615,B32326E1
D935557615,B32327E1
D935567773,B32321E1
D935567773,B32322E1
D935567773,B32325E1
D935567773,B32326E1
D935567773,B32327E1
D935575000,B32321E1
D935575000,B32322E1
D935575000,B32325E1
D935575000,B32326E1
D935575000,B32327E1
D935627424,B12301E1
D935627424,B12302E1
D935627424,B12303E1
D935627491,B32321E1
D935627491,B32322E1
D935627491,B32325E1
D935627491,B32326E1
D935627491,B32327E1
D935642265,B32321E1
D935642265,B32322E1
D935642265,B32325E1
D935642265,B32326E1
D935642265,B32327E1
D935642760,B32321E1
D935642760,B32322E1
D935642760,B32325E1
D935642760,B32326E1
D935642760,B32327E1
D935653331,B32321E1
D935653331,B32322E1
D935653331,B32325E1
D935653331,B32326E1
D935653331,B32327E1
D935660018,B32321E1
D935660018,B32322E1
D935660018,B32325E1
D935660018,B32326E1
D935660018,B32327E1
D935661509,B32321E1
D935661509,B32322E1
D935661509,B32325E1
D935661509,B32326E1
D935661509,B32327E1
D935669343,B32321E1
D935669343,B32322E1
D935669343,B32325E1
D935669343,B32326E1
D935669343,B32327E1
D935676112,B32321E1
D935676112,B32322E1
D935676112,B32325E1
D935676112,B32326E1
D935676112,B32327E1
D935697966,B32321E1
D935697966,B32322E1
D935697966,B32325E1
D935697966,B32326E1
D935697966,B32327E1
D935698033,B32321E1
D935698033,B32322E1
D935698033,B32325E1
D935698033,B32326E1
D935698033,B32327E1
D935751682,B32321E1
D935751682,B32322E1
D935751682,B32325E1
D935751682,B32326E1
D935751682,B32327E1
D935773097,B32321E1
D935773097,B32322E1
D935773097,B32325E1
D935773097,B32326E1
D935773097,B32327E1
D935778759,B12301E1
D935778759,B12302E1
D935778759,B12303E1
D935787577,B32321E1
D935787577,B32322E1
D935787577,B32325E1
D935787577,B32326E1
D935787577,B32327E1
D935797886,B32321E1
D935797886,B32322E1
D935797886,B32325E1
D935797886,B32326E1
D935797886,B32327E1
D935803903,B32321E1
D935803903,B32322E1
D935803903,B32325E1
D935803903,B32326E1
D935803903,B32327E1
D935808540,B32321E1
D935808540,B32322E1
D935808540,B32325E1
D935808540,B32326E1
D935808540,B32327E1
D935810048,B32321E1
D935810048,B32322E1
D935810048,B32325E1
D935810048,B32326E1
D935810048,B32327E1
D935832556,B32321E1
D935832556,B32322E1
D935832556,B32325E1
D935832556,B32326E1
D935832556,B32327E1
D935846162,B32321E1
D935846162,B32322E1
D935846162,B32325E1
D935846162,B32326E1
D935846162,B32327E1
D935854455,B32321E1
D935854455,B32322E1
D935854455,B32325E1
D935854455,B32326E1
D935854455,B32327E1
D935857308,B32321E1
D935857308,B32322E1
D935857308,B32325E1
D935857308,B32326E1
D935857308,B32327E1
D935860940,B32321E1
D935860940,B32322E1
D935860940,B32325E1
D935860940,B32326E1
D935860940,B32327E1
D935898035,B32321E1
D935898035,B32322E1
D935898035,B32325E1
D935898035,B32326E1
D935898035,B32327E1
D935900257,B32321E1
D935900257,B32322E1
D935900257,B32325E1
D935900257,B32326E1
D935900257,B32327E1
D935901461,B32321E1
D935901461,B32322E1
D935901461,B32325E1
D935901461,B32326E1
D935901461,B32327E1
D935915088,B32321E1
D935915088,B32322E1
D935915088,B32325E1
D935915088,B32326E1
D935915088,B32327E1
D935919488,B32321E1
D935919488,B32322E1
D935919488,B32325E1
D935919488,B32326E1
D935919488,B32327E1
D935920152,B32321E1
D935920152,B32322E1
D935920152,B32325E1
D935920152,B32326E1
D935920152,B32327E1
D935923393,B32321E1
D935923393,B32322E1
D935923393,B32325E1
D935923393,B32326E1
D935923393,B32327E1
D935930944,B32321E1
D935930944,B32322E1
D935930944,B32325E1
D935930944,B32326E1
D935930944,B32327E1
D935937895,B32321E1
D935937895,B32322E1
D935937895,B32325E1
D935937895,B32326E1
D935937895,B32327E1
D935948477,B32321E1
D935948477,B32322E1
D935948477,B32325E1
D935948477,B32326E1
D935948477,B32327E1
D935952278,B32321E1
D935952278,B32322E1
D935952278,B32325E1
D935952278,B32326E1
D935952278,B32327E1
D935984109,B32321E1
D935995390,B32321E1
D936022219,B32321E1
D936022219,B32322E1
D936022219,B32325E1
D936022219,B32326E1
D936022219,B32327E1
D936024512,B32321E1
D936024512,B32322E1
D936024512,B32325E1
D936024512,B32326E1
D936024512,B32327E1
D936028004,B12301E1
D936028004,B12302E1
D936028004,B12303E1
D936028853,B32321E1
D936028853,B32322E1
D936028853,B32325E1
D936028853,B32326E1
D936028853,B32327E1
D936050762,B12301E1
D936050762,B12302E1
D936050762,B12303E1
D936050762,B12320E1
D936059813,B32321E1
D936059813,B32322E1
D936059813,B32325E1
D936059813,B32326E1
D936059813,B32327E1
D936060071,B32321E1
D936060071,B32322E1
D936060071,B32325E1
D936060071,B32326E1
D936060071,B32327E1
D936062455,B32321E1
D936062455,B32322E1
D936062455,B32325E1
D936062455,B32326E1
D936062455,B32327E1
D936112716,B32321E1
D936112716,B32322E1
D936112716,B32325E1
D936112716,B32326E1
D936112716,B32327E1
D936132161,B32321E1
D936137845,B32321E1
D936137845,B32322E1
D936137845,B32325E1
D936137845,B32326E1
D936137845,B32327E1
D936171942,B32321E1
D936171942,B32322E1
D936171942,B32325E1
D936171942,B32326E1
D936171942,B32327E1
D936193999,B32321E1
D936193999,B32322E1
D936193999,B32325E1
D936193999,B32326E1
D936193999,B32327E1
D936210012,B32321E1
D936210012,B32322E1
D936210012,B32325E1
D936210012,B32326E1
D936210012,B32327E1
D936263720,B32321E1
D936263720,B32322E1
D936263720,B32325E1
D936263720,B32326E1
D936263720,B32327E1
D936268448,B32321E1
D936271356,B32321E1
D936271356,B32322E1
D936271356,B32325E1
D936271356,B32326E1
D936271356,B32327E1
D936318008,B12301E1
D936318008,B12302E1
D936318008,B12303E1
D936318008,B12320E1
D936327181,B32321E1
D936327181,B32322E1
D936327181,B32325E1
D936327181,B32326E1
D936327181,B32327E1
D936366261,B32321E1
D936366261,B32322E1
D936366261,B32325E1
D936366261,B32326E1
D936366261,B32327E1
D936443137,B32321E1
D936443137,B32322E1
D936443137,B32325E1
D936443137,B32326E1
D936443137,B32327E1
D936444547,B32321E1
D936444547,B32322E1
D936444547,B32325E1
D936444547,B32326E1
D936444547,B32327E1
D936445647,B12301E1
D936445647,B12302E1
D936445647,B12303E1
D936472148,B32321E1
D936472148,B32322E1
D936472148,B32325E1
D936472148,B32326E1
D936472148,B32327E1
D936509064,B32321E1
D936509064,B32322E1
D936509064,B32325E1
D936509064,B32326E1
D936509064,B32327E1
D936626707,B32321E1
D936626707,B32322E1
D936626707,B32325E1
D936626707,B32326E1
D936626707,B32327E1
D936632812,B12301E1
D936632812,B12302E1
D936632812,B12303E1
D936632812,B12320E1
D936715702,B32321E1
D936715702,B32322E1
D936715702,B32325E1
D936715702,B32326E1
D936715702,B32327E1
D936747471,B32321E1
D936747471,B32322E1
D936747471,B32325E1
D936747471,B32326E1
D936747471,B32327E1
D936772509,B32321E1
D936772509,B32322E1
D936772509,B32325E1
D936772509,B32326E1
D936772509,B32327E1
D936804109,B32321E1
D936824325,B32321E1
D936824325,B32322E1
D936824325,B32325E1
D936824325,B32326E1
D936824325,B32327E1
D936824624,B32321E1
D936824624,B32322E1
D936824624,B32325E1
D936824624,B32326E1
D936824624,B32327E1
D936838517,B32321E1
D936838517,B32322E1
D936838517,B32325E1
D936838517,B32326E1
D936838517,B32327E1
D936925862,B12301E1
D936925862,B12302E1
D936925862,B12303E1
D936950543,B32321E1
D936955881,B32321E1
D936955881,B32322E1
D936955881,B32325E1
D936955881,B32326E1
D936955881,B32327E1
D937002199,B32321E1
D937002199,B32322E1
D937002199,B32325E1
D937002199,B32326E1
D937002199,B32327E1
D937056044,B32321E1
D937056044,B32322E1
D937056044,B32325E1
D937056044,B32326E1
D937056044,B32327E1
D937164718,B32321E1
D937195398,B32321E1
D937195398,B32322E1
D937195398,B32325E1
D937195398,B32326E1
D937195398,B32327E1
D937220070,B12301E1
D937220070,B12302E1
D937220070,B12303E1
D937260205,B12301E1
D937260205,B12302E1
D937260205,B12303E1
D937260205,B12320E1
D937442155,B32321E1
D937442155,B32322E1
D937442155,B32325E1
D937442155,B32326E1
D937442155,B32327E1
D938134747,B12301E1
D938134747,B12302E1
D938134747,B12303E1
D938134747,B12320E1
D938193870,B32321E1
D938193870,B32322E1
D938193870,B32325E1
D938193870,B32326E1
D938193870,B32327E1
D938270090,B32321E1
D938270090,B32322E1
D938270090,B32325E1
D938270090,B32326E1
D938270090,B32327E1
D938292243,B32321E1
D938292243,B32322E1
D938292243,B32325E1
D938292243,B32326E1
D938292243,B32327E1
D938518659,B12301E1
D938518659,B12302E1
D938518659,B12303E1
D938787211,B32321E1
D938787211,B32322E1
D938787211,B32325E1
D938787211,B32326E1
D938787211,B32327E1
D939833061,B32321E1
D939833061,B32322E1
D939833061,B32325E1
D939833061,B32326E1
D939833061,B32327E1
D939833083,B32321E1
D939833083,B32322E1
D939833083,B32325E1
D939833083,B32326E1
D939833083,B32327E1
D939833094,B32321E1
D939833094,B32322E1
D939833094,B32325E1
D939833094,B32326E1
D939833094,B32327E1
D939833119,B32321E1
D939833119,B32322E1
D939833119,B32325E1
D939833119,B32326E1
D939833119,B32327E1
D939833131,B12301E1
D939833131,B12302E1
D939833131,B12303E1
D939969773,B32321E1
D939969773,B32322E1
D939969773,B32325E1
D939969773,B32326E1
D939969773,B32327E1
D939969795,B32321E1
D939969795,B32322E1
D939969795,B32325E1
D939969795,B32326E1
D939969795,B32327E1
D940011201,B11101E1
D940011245,B31101E1
D940011245,B31103E1
D940011245,B31105E1
D940011245,B31107E1
D940011278,B31101E1
D940011278,B31103E1
D940011278,B31105E1
D940011278,B31107E1
D940011599,B31101E1
D940011599,B31103E1
D940011599,B31105E1
D940011599,B31107E1
D940011625,B11102E1
D940011658,B11102E1
D940011739,B31101E1
D940011739,B31103E1
D940011739,B31105E1
D940011739,B31107E1
D940011784,B11102E1
D940012035,B11102E1
D940012079,B31101E1
D940012079,B31103E1
D940012079,B31105E1
D940012079,B31107E1
D940012390,B11102E1
D940012666,B31101E1
D940012666,B31103E1
D940012666,B31105E1
D940012666,B31107E1
D940012792,B11102E1
D940012839,B31101E1
D940012839,B31103E1
D940012839,B31105E1
D940012839,B31107E1
D940013054,B11102E1
D940013135,B11102E1
D940013180,B11102E1
D940013515,B11102E1
D940013685,B31101E1
D940013685,B31103E1
D940013685,B31105E1
D940013685,B31107E1
D940013733,B11102E1
D940013814,B31101E1
D940013814,B31103E1
D940013814,B31105E1
D940013814,B31107E1
D940013847,B11102E1
D940013906,B11101E1
D940013928,B31101E1
D940013928,B31103E1
D940013928,B31105E1
D940013928,B31107E1
D940014028,B31101E1
D940014028,B31103E1
D940014028,B31105E1
D940014028,B31107E1
D940014062,B11102E1
D940014154,B11101E1
D940014235,B31101E1
D940014235,B31103E1
D940014235,B31105E1
D940014235,B31107E1
D940014431,B31101E1
D940014431,B31103E1
D940014431,B31105E1
D940014431,B31107E1
D940014475,B11102E1
D940014604,B11102E1
D940014752,B31101E1
D940014752,B31103E1
D940014752,B31105E1
D940014752,B31107E1
D940014800,B31101E1
D940014800,B31103E1
D940014800,B31105E1
D940014800,B31107E1
D940014947,B31101E1
D940014947,B31103E1
D940014947,B31105E1
D940014947,B31107E1
D940014958,B11102E1
D940014992,B11102E1
D940015162,B11102E1
D940015379,B31101E1
D940015379,B31103E1
D940015379,B31105E1
D940015379,B31107E1
D940015737,B31101E1
D940015737,B31103E1
D940015737,B31105E1
D940015737,B31107E1
D940015782,B11102E1
D940016158,B11102E1
D940016181,B11102E1
D940016240,B11101E1
D940016468,B11102E1
D940016550,B31101E1
D940016550,B31103E1
D940016550,B31105E1
D940016550,B31107E1
D940016594,B31101E1
D940016594,B31103E1
D940016594,B31105E1
D940016594,B31107E1
D940016789,B11102E1
D940017373,B11102E1
D940017421,B11101E1
D940017568,B11101E1
D940017672,B11102E1
D940017904,B11101E1
D940018233,B11102E1
D940018303,B31101E1
D940018303,B31103E1
D940018303,B31105E1
D940018303,B31107E1
D940018439,B31101E1
D940018439,B31103E1
D940018439,B31105E1
D940018439,B31107E1
D940018462,B31101E1
D940018462,B31103E1
D940018462,B31105E1
D940018462,B31107E1
D940018565,B31101E1
D940018565,B31103E1
D940018565,B31105E1
D940018565,B31107E1
D940018761,B31101E1
D940018761,B31103E1
D940018761,B31105E1
D940018761,B31107E1
D940018794,B11102E1
D940018978,B11102E1
D940019137,B11102E1
D940019528,B31101E1
D940019528,B31103E1
D940019528,B31105E1
D940019528,B31107E1
D940020030,B31101E1
D940020030,B31103E1
D940020030,B31105E1
D940020030,B31107E1
D940020133,B11102E1
D940020177,B11102E1
D940020524,B11101E1
D940020661,B11102E1
D940020672,B11102E1
D940020823,B11101E1
D940020867,B11102E1
D940020904,B11102E1
D940021093,B31101E1
D940021093,B31103E1
D940021093,B31105E1
D940021093,B31107E1
D940021118,B11102E1
D940021185,B11101E1
D940021255,B11102E1
D940021314,B31101E1
D940021314,B31103E1
D940021314,B31105E1
D940021314,B31107E1
D940021369,B11102E1
D940021451,B11102E1
D940021598,B11101E1
D940021613,B11102E1
D940021679,B11102E1
D940021738,B31101E1
D940021738,B31103E1
D940021738,B31105E1
D940021738,B31107E1
D940021749,B31101E1
D940021749,B31103E1
D940021749,B31105E1
D940021749,B31107E1
D940021750,B11102E1
D940021820,B31101E1
D940021820,B31103E1
D940021820,B31105E1
D940021820,B31107E1
D940021934,B11102E1
D940021956,B11102E1
D940021990,B11101E1
D940022067,B31101E1
D940022067,B31103E1
D940022067,B31105E1
D940022067,B31107E1
D940022104,B11102E1
D940022159,B31101E1
D940022159,B31103E1
D940022159,B31105E1
D940022159,B31107E1
D940022643,B11102E1
D940022827,B11102E1
D940022942,B31101E1
D940022942,B31103E1
D940022942,B31105E1
D940022942,B31107E1
D940023031,B31101E1
D940023031,B31103E1
D940023031,B31105E1
D940023031,B31107E1
D940023123,B11102E1
D940023329,B31101E1
D940023329,B31103E1
D940023329,B31105E1
D940023329,B31107E1
D940023662,B31101E1
D940023662,B31103E1
D940023662,B31105E1
D940023662,B31107E1
D940023813,B11101E1
D940023835,B31101E1
D940023835,B31103E1
D940023835,B31105E1
D940023835,B31107E1
D940023938,B31101E1
D940023938,B31103E1
D940023938,B31105E1
D940023938,B31107E1
D940024072,B31101E1
D940024072,B31103E1
D940024072,B31105E1
D940024072,B31107E1
D940024197,B11102E1
D940024212,B11101E1
D940024212,B11102E1
D940024234,B11102E1
D940024382,B31101E1
D940024382,B31103E1
D940024382,B31105E1
D940024382,B31107E1
D940024418,B11102E1
D940024441,B11102E1
D940024681,B31101E1
D940024681,B31103E1
D940024681,B31105E1
D940024681,B31107E1
D940024706,B31101E1
D940024706,B31103E1
D940024706,B31105E1
D940024706,B31107E1
D940024913,B11102E1
D940025013,B11102E1
D940025149,B31101E1
D940025149,B31103E1
D940025149,B31105E1
D940025149,B31107E1
D940025264,B11102E1
D940025448,B31101E1
D940025448,B31103E1
D940025448,B31105E1
D940025448,B31107E1
D940025471,B31101E1
D940025471,B31103E1
D940025471,B31105E1
D940025471,B31107E1
D940025611,B11102E1
D940025736,B31101E1
D940025736,B31103E1
D940025736,B31105E1
D940025736,B31107E1
D940025851,B11102E1
D940025909,B31101E1
D940025909,B31103E1
D940025909,B31105E1
D940025909,B31107E1
D940026157,B11101E1
D940026191,B11102E1
D940026238,B31101E1
D940026238,B31103E1
D940026238,B31105E1
D940026238,B31107E1
D940026250,B31101E1
D940026250,B31103E1
D940026250,B31105E1
D940026250,B31107E1
D940026320,B31101E1
D940026320,B31103E1
D940026320,B31105E1
D940026320,B31107E1
D940026364,B11102E1
D940026537,B11102E1
D940026548,B11102E1
D940026674,B31101E1
D940026674,B31103E1
D940026674,B31105E1
D940026674,B31107E1
D940026788,B31101E1
D940026788,B31103E1
D940026788,B31105E1
D940026788,B31107E1
D940026858,B11102E1
D940026869,B11102E1
D940026928,B11101E1
D940027143,B11101E1
D940027246,B11102E1
D940027660,B11101E1
D940027752,B11102E1
D940027958,B31101E1
D940027958,B31103E1
D940027958,B31105E1
D940027958,B31107E1
D940028014,B31101E1
D940028014,B31103E1
D940028014,B31105E1
D940028014,B31107E1
D940028025,B31101E1
D940028025,B31103E1
D940028025,B31105E1
D940028025,B31107E1
D940028162,B11102E1
D940028195,B11102E1
D940028254,B31101E1
D940028254,B31103E1
D940028254,B31105E1
D940028254,B31107E1
D940028601,B11101E1
D940028759,B11102E1
D940028977,B11102E1
D940029088,B31101E1
D940029088,B31103E1
D940029088,B31105E1
D940029088,B31107E1
D940029170,B31101E1
D940029170,B31103E1
D940029170,B31105E1
D940029170,B31107E1
D940029376,B11101E1
D940029435,B31101E1
D940029435,B31103E1
D940029435,B31105E1
D940029435,B31107E1
D940029446,B31101E1
D940029446,B31103E1
D940029446,B31105E1
D940029446,B31107E1
D940029516,B31101E1
D940029516,B31103E1
D940029516,B31105E1
D940029516,B31107E1
D940029608,B11102E1
D940029697,B31101E1
D940029697,B31103E1
D940029697,B31105E1
D940029697,B31107E1
D940029712,B31101E1
D940029712,B31103E1
D940029712,B31105E1
D940029712,B31107E1
D940029756,B31101E1
D940029756,B31103E1
D940029756,B31105E1
D940029756,B31107E1
D940029790,B11102E1
D940029804,B11101E1
D940029952,B11101E1
D940030534,B11102E1
D940030578,B11102E1
D940030648,B11102E1
D940030741,B11102E1
D940030796,B11102E1
D940030899,B31101E1
D940030899,B31103E1
D940030899,B31105E1
D940030899,B31107E1
D940030925,B31101E1
D940030925,B31103E1
D940030925,B31105E1
D940030925,B31107E1
D940030936,B11101E1
D940031195,B11102E1
D940031335,B31101E1
D940031335,B31103E1
D940031335,B31105E1
D940031335,B31107E1
D940031346,B31101E1
D940031346,B31103E1
D940031346,B31105E1
D940031346,B31107E1
D940031575,B11102E1
D940031645,B11102E1
D940032103,B31101E1
D940032103,B31103E1
D940032103,B31105E1
D940032103,B31107E1
D940032181,B11102E1
D940032284,B11102E1
D940032527,B11102E1
D940032572,B11102E1
D940032594,B31101E1
D940032594,B31103E1
D940032594,B31105E1
D940032594,B31107E1
D940032723,B11102E1
D940032789,B11102E1
D940032860,B11102E1
D940033029,B31101E1
D940033029,B31103E1
D940033029,B31105E1
D940033029,B31107E1
D940033030,B31101E1
D940033030,B31103E1
D940033030,B31105E1
D940033030,B31107E1
D940033269,B11102E1
D940033281,B31101E1
D940033281,B31103E1
D940033281,B31105E1
D940033281,B31107E1
D940033443,B11102E1
D940033591,B31101E1
D940033591,B31103E1
D940033591,B31105E1
D940033591,B31107E1
D940033605,B31101E1
D940033605,B31103E1
D940033605,B31105E1
D940033605,B31107E1
D940033661,B31101E1
D940033661,B31103E1
D940033661,B31105E1
D940033661,B31107E1
D940033742,B11102E1
D940033904,B11102E1
D940034129,B31101E1
D940034129,B31103E1
D940034129,B31105E1
D940034129,B31107E1
D940034196,B31101E1
D940034196,B31103E1
D940034196,B31105E1
D940034196,B31107E1
D940034200,B31101E1
D940034200,B31103E1
D940034200,B31105E1
D940034200,B31107E1
D940034244,B31101E1
D940034244,B31103E1
D940034244,B31105E1
D940034244,B31107E1
D940034347,B11102E1
D940034772,B31107E1
D940035023,B11102E1
D940035492,B11102E1
D940035838,B11102E1
D940035861,B31101E1
D940035861,B31103E1
D940035861,B31105E1
D940035861,B31107E1
D940036020,B31101E1
D940036020,B31103E1
D940036020,B31105E1
D940036020,B31107E1
D940036112,B31101E1
D940036112,B31103E1
D940036112,B31105E1
D940036112,B31107E1
D940036400,B31101E1
D940036400,B31103E1
D940036400,B31105E1
D940036400,B31107E1
D940036709,B11102E1
D940037016,B31101E1
D940037016,B31103E1
D940037016,B31105E1
D940037016,B31107E1
D940037049,B11102E1
D940037083,B11102E1
D940037094,B31101E1
D940037094,B31103E1
D940037094,B31105E1
D940037094,B31107E1
D940037245,B11102E1
D940037739,B11102E1
D940037832,B31101E1
D940037832,B31103E1
D940037832,B31105E1
D940037832,B31107E1
D940037935,B31101E1
D940037935,B31103E1
D940037935,B31105E1
D940037935,B31107E1
D940038220,B11101E1
D940038286,B31101E1
D940038286,B31103E1
D940038286,B31105E1
D940038286,B31107E1
D940038426,B11101E1
D940038574,B31101E1
D940038574,B31103E1
D940038574,B31105E1
D940038574,B31107E1
D940038769,B31101E1
D940038769,B31103E1
D940038769,B31105E1
D940038769,B31107E1
D940038806,B31101E1
D940038806,B31103E1
D940038806,B31105E1
D940038806,B31107E1
D940041105,B31101E1
D940041105,B31103E1
D940041105,B31105E1
D940041105,B31107E1
D940041323,B31101E1
D940041323,B31103E1
D940041323,B31105E1
D940041323,B31107E1
D940054301,B31101E1
D940054301,B31103E1
D940054301,B31105E1
D940054301,B31107E1
D940054552,B31101E1
D940054552,B31103E1
D940054552,B31105E1
D940054552,B31107E1
D940055168,B31101E1
D940055168,B31103E1
D940055168,B31105E1
D940055168,B31107E1
D942269598,B31101E1
D942269598,B31103E1
D942269598,B31105E1
D942269598,B31107E1
D943583578,B31101E1
D943583578,B31103E1
D943583578,B31105E1
D943583578,B31107E1
D945083384,B11102E1
D945256597,B11102E1
D945280374,B11102E1
D945321253,B11102E1
D945458618,B31101E1
D945458618,B31103E1
D945458618,B31105E1
D945458618,B31107E1
D945527512,B31101E1
D945527512,B31103E1
D945527512,B31105E1
D945527512,B31107E1
D945554932,B31101E1
D945554932,B31103E1
D945554932,B31105E1
D945554932,B31107E1
D945619736,B31101E1
D945619736,B31103E1
D945619736,B31105E1
D945619736,B31107E1
D945693389,B11101E1
D945883120,B11102E1
D946024449,B31101E1
D946024449,B31103E1
D946024449,B31105E1
D946024449,B31107E1
D946363005,B11102E1
D946549137,B11102E1
D947329037,B11102E1
F921106104,B11102E1
F940032192,B31101E1
F940032192,B31103E1
F940032192,B31105E1
F940032192,B31107E1
